id,name,model_id:id,group_id:id,perm_read,perm_write,perm_create,perm_unlink
access_stock_rule_alsut,stock.rule.alsut,stock.model_stock_rule,hms_restrict_user.group_inventory_alsut,1,1,1,0
access_stock_warehouse_alsut,stock.warehouse.alsut,stock.model_stock_warehouse,hms_restrict_user.group_inventory_alsut,1,0,0,0
access_stock_location_alsut,stock.location.alsut,stock.model_stock_location,hms_restrict_user.group_inventory_alsut,1,0,0,0
access_stock_picking_alsut,stock.picking alsut,stock.model_stock_picking,hms_restrict_user.group_inventory_alsut,1,1,1,1
access_stock_picking_type_alsut,stock.picking.type alsut,stock.model_stock_picking_type,hms_restrict_user.group_inventory_alsut,1,0,0,0
access_stock_production_lot_alsut,stock.production.lot alsut,stock.model_stock_production_lot,hms_restrict_user.group_inventory_alsut,1,1,1,1
access_stock_move_alsut,stock.move alsut,stock.model_stock_move,hms_restrict_user.group_inventory_alsut,1,1,1,0
access_stock_inventory_alsut,stock.inventory alsut,stock.model_stock_inventory,hms_restrict_user.group_inventory_alsut,1,1,1,0
access_stock_inventory_line_alsut,stock.inventory.line alsut,stock.model_stock_inventory_line,hms_restrict_user.group_inventory_alsut,1,1,1,0
access_product_product_stock_alsut,product_product_stock_alsut,product.model_product_product,hms_restrict_user.group_inventory_alsut,1,0,0,0
access_product_template_stock_alsut,product.template stock alsut,product.model_product_template,hms_restrict_user.group_inventory_alsut,1,0,0,0
access_stock_warehouse_orderpoint_alsut,stock.warehouse.orderpoint_alsut,stock.model_stock_warehouse_orderpoint,hms_restrict_user.group_inventory_alsut,1,0,0,0
access_stock_quant_alsut,stock.quant alsut,stock.model_stock_quant,hms_restrict_user.group_inventory_alsut,1,0,0,0
access_stock_quant_package_all_alsut,stock.quant.package all alsut,stock.model_stock_quant_package,hms_restrict_user.group_inventory_alsut,1,0,0,0
access_stock_package_level_all_alsut,stock.package_level all alsut,stock.model_stock_package_level,hms_restrict_user.group_inventory_alsut,1,0,0,0
access_stock_rule_alsut,stock_rule alsut,stock.model_stock_rule,hms_restrict_user.group_inventory_alsut,1,0,0,0
access_stock_location_route_alsut,stock.location.route_alsut,stock.model_stock_location_route,hms_restrict_user.group_inventory_alsut,1,0,0,0
access_stock_move_line_alsut,stock.move.line alsut,stock.model_stock_move_line,hms_restrict_user.group_inventory_alsut,1,1,1,1
access_stock_putaway_all_alsut,stock.putaway.rule all alsut,stock.model_stock_putaway_rule,hms_restrict_user.group_inventory_alsut,1,0,0,0
access_stock_removal_all_alsut,product.removal all alsut,stock.model_product_removal,hms_restrict_user.group_inventory_alsut,1,0,0,0
access_barcode_nomenclature_stock_alsut,barcode.nomenclature.stock.alsut,barcodes.model_barcode_nomenclature,hms_restrict_user.group_inventory_alsut,1,0,0,0
access_barcode_rule_stock_alsut,barcode.rule.stock.alsut,barcodes.model_barcode_rule,hms_restrict_user.group_inventory_alsut,1,0,0,0
access_stock_scrap_alsut,stock.scrap.alsut,stock.model_stock_scrap,hms_restrict_user.group_inventory_alsut,1,1,1,0
access_report_stock_quantity_alsut,access_report_stock_quantity_alsut,stock.model_report_stock_quantity,hms_restrict_user.group_inventory_alsut,1,0,0,0

access_stock_rule_alsut_manager,stock.rule.alsut_manager,stock.model_stock_rule,hms_restrict_user.group_inventory_alsut_manager,1,1,1,0
access_stock_warehouse_alsut_manager,stock.warehouse.alsut_manager,stock.model_stock_warehouse,hms_restrict_user.group_inventory_alsut_manager,1,0,0,0
access_stock_location_alsut_manager,stock.location.alsut_manager,stock.model_stock_location,hms_restrict_user.group_inventory_alsut_manager,1,0,0,0
access_stock_picking_alsut_manager,stock.picking alsut_manager,stock.model_stock_picking,hms_restrict_user.group_inventory_alsut_manager,1,1,0,1
access_stock_picking_type_alsut_manager,stock.picking.type alsut_manager,stock.model_stock_picking_type,hms_restrict_user.group_inventory_alsut_manager,1,0,0,0
access_stock_production_lot_alsut_manager,stock.production.lot alsut_manager,stock.model_stock_production_lot,hms_restrict_user.group_inventory_alsut_manager,1,1,1,1
access_stock_move_alsut_manager,stock.move alsut_manager,stock.model_stock_move,hms_restrict_user.group_inventory_alsut_manager,1,1,1,0
access_stock_inventory_alsut_manager,stock.inventory alsut_manager,stock.model_stock_inventory,hms_restrict_user.group_inventory_alsut_manager,1,1,1,0
access_stock_inventory_line_alsut_manager,stock.inventory.line alsut_manager,stock.model_stock_inventory_line,hms_restrict_user.group_inventory_alsut_manager,1,1,1,0
access_product_product_stock_alsut_manager,product_product_stock_alsut_manager,product.model_product_product,hms_restrict_user.group_inventory_alsut_manager,1,0,0,0
access_product_template_stock_alsut_manager,product.template stock alsut_manager,product.model_product_template,hms_restrict_user.group_inventory_alsut_manager,1,0,0,0
access_stock_warehouse_orderpoint_alsut_manager,stock.warehouse.orderpoint_alsut_manager,stock.model_stock_warehouse_orderpoint,hms_restrict_user.group_inventory_alsut_manager,1,0,0,0
access_stock_quant_alsut_manager,stock.quant alsut_manager,stock.model_stock_quant,hms_restrict_user.group_inventory_alsut_manager,1,0,0,0
access_stock_quant_package_stock_alsut_manager,stock.quant.package stock alsut_manager,stock.model_stock_quant_package,hms_restrict_user.group_inventory_alsut_manager,1,1,1,1
access_stock_package_level_stock_alsut_manager,stock.package_level stock alsut_manager,stock.model_stock_package_level,hms_restrict_user.group_inventory_alsut_manager,1,1,1,1
access_stock_rule_alsut_manager,stock_rule alsut_manager,stock.model_stock_rule,hms_restrict_user.group_inventory_alsut_manager,1,0,0,0
access_stock_location_route_alsut_manager,stock.location.route_alsut_manager,stock.model_stock_location_route,hms_restrict_user.group_inventory_alsut_manager,1,0,0,0
access_stock_move_line_alsut_manager,stock.move.line alsut_manager,stock.model_stock_move_line,hms_restrict_user.group_inventory_alsut_manager,1,1,1,1
access_stock_putaway_all_alsut_manager,stock.putaway.rule all alsut_manager,stock.model_stock_putaway_rule,hms_restrict_user.group_inventory_alsut_manager,1,0,0,0
access_stock_removal_all_alsut_manager,product.removal all alsut_manager,stock.model_product_removal,hms_restrict_user.group_inventory_alsut_manager,1,0,0,0
access_barcode_nomenclature_stock_alsut_manager,barcode.nomenclature.stock.alsut_manager,barcodes.model_barcode_nomenclature,hms_restrict_user.group_inventory_alsut_manager,1,0,0,0
access_barcode_rule_stock_alsut_manager,barcode.rule.stock.alsut_manager,barcodes.model_barcode_rule,hms_restrict_user.group_inventory_alsut_manager,1,0,0,0
access_stock_scrap_alsut_manager,stock.scrap.alsut_manager,stock.model_stock_scrap,hms_restrict_user.group_inventory_alsut_manager,1,1,1,0
access_report_stock_quantity_alsut_manager,access_report_stock_quantity_alsut_manager,stock.model_report_stock_quantity,hms_restrict_user.group_inventory_alsut_manager,1,0,0,0

access_stock_rule_btr,stock.rule.btr,stock.model_stock_rule,hms_restrict_user.group_inventory_btr,1,1,1,0
access_stock_warehouse_btr,stock.warehouse.btr,stock.model_stock_warehouse,hms_restrict_user.group_inventory_btr,1,0,0,0
access_stock_location_btr,stock.location.btr,stock.model_stock_location,hms_restrict_user.group_inventory_btr,1,0,0,0
access_stock_picking_btr,stock.picking btr,stock.model_stock_picking,hms_restrict_user.group_inventory_btr,1,1,1,1
access_stock_picking_type_btr,stock.picking.type btr,stock.model_stock_picking_type,hms_restrict_user.group_inventory_btr,1,0,0,0
access_stock_production_lot_btr,stock.production.lot btr,stock.model_stock_production_lot,hms_restrict_user.group_inventory_btr,1,1,1,1
access_stock_move_btr,stock.move btr,stock.model_stock_move,hms_restrict_user.group_inventory_btr,1,1,1,0
access_stock_inventory_btr,stock.inventory btr,stock.model_stock_inventory,hms_restrict_user.group_inventory_btr,1,1,1,0
access_stock_inventory_line_btr,stock.inventory.line btr,stock.model_stock_inventory_line,hms_restrict_user.group_inventory_btr,1,1,1,0
access_product_product_stock_btr,product_product_stock_btr,product.model_product_product,hms_restrict_user.group_inventory_btr,1,0,0,0
access_product_template_stock_btr,product.template stock btr,product.model_product_template,hms_restrict_user.group_inventory_btr,1,0,0,0
access_stock_warehouse_orderpoint_btr,stock.warehouse.orderpoint_btr,stock.model_stock_warehouse_orderpoint,hms_restrict_user.group_inventory_btr,1,0,0,0
access_stock_quant_btr,stock.quant btr,stock.model_stock_quant,hms_restrict_user.group_inventory_btr,1,0,0,0
access_stock_quant_package_all_btr,stock.quant.package all btr,stock.model_stock_quant_package,hms_restrict_user.group_inventory_btr,1,0,0,0
access_stock_package_level_all_btr,stock.package_level all btr,stock.model_stock_package_level,hms_restrict_user.group_inventory_btr,1,0,0,0
access_stock_rule_btr,stock_rule btr,stock.model_stock_rule,hms_restrict_user.group_inventory_btr,1,0,0,0
access_stock_location_route_btr,stock.location.route_btr,stock.model_stock_location_route,hms_restrict_user.group_inventory_btr,1,0,0,0
access_stock_move_line_btr,stock.move.line btr,stock.model_stock_move_line,hms_restrict_user.group_inventory_btr,1,1,1,1
access_stock_putaway_all_btr,stock.putaway.rule all btr,stock.model_stock_putaway_rule,hms_restrict_user.group_inventory_btr,1,0,0,0
access_stock_removal_all_btr,product.removal all btr,stock.model_product_removal,hms_restrict_user.group_inventory_btr,1,0,0,0
access_barcode_nomenclature_stock_btr,barcode.nomenclature.stock.btr,barcodes.model_barcode_nomenclature,hms_restrict_user.group_inventory_btr,1,0,0,0
access_barcode_rule_stock_btr,barcode.rule.stock.btr,barcodes.model_barcode_rule,hms_restrict_user.group_inventory_btr,1,0,0,0
access_stock_scrap_btr,stock.scrap.btr,stock.model_stock_scrap,hms_restrict_user.group_inventory_btr,1,1,1,0
access_report_stock_quantity_btr,access_report_stock_quantity_btr,stock.model_report_stock_quantity,hms_restrict_user.group_inventory_btr,1,0,0,0

access_stock_rule_btr_manager,stock.rule.btr_manager,stock.model_stock_rule,hms_restrict_user.group_inventory_btr_manager,1,1,1,0
access_stock_warehouse_btr_manager,stock.warehouse.btr_manager,stock.model_stock_warehouse,hms_restrict_user.group_inventory_btr_manager,1,0,0,0
access_stock_location_btr_manager,stock.location.btr_manager,stock.model_stock_location,hms_restrict_user.group_inventory_btr_manager,1,0,0,0
access_stock_picking_btr_manager,stock.picking btr_manager,stock.model_stock_picking,hms_restrict_user.group_inventory_btr_manager,1,1,0,1
access_stock_picking_type_btr_manager,stock.picking.type btr_manager,stock.model_stock_picking_type,hms_restrict_user.group_inventory_btr_manager,1,0,0,0
access_stock_production_lot_btr_manager,stock.production.lot btr_manager,stock.model_stock_production_lot,hms_restrict_user.group_inventory_btr_manager,1,1,1,1
access_stock_move_btr_manager,stock.move btr_manager,stock.model_stock_move,hms_restrict_user.group_inventory_btr_manager,1,1,1,0
access_stock_inventory_btr_manager,stock.inventory btr_manager,stock.model_stock_inventory,hms_restrict_user.group_inventory_btr_manager,1,1,1,0
access_stock_inventory_line_btr_manager,stock.inventory.line btr_manager,stock.model_stock_inventory_line,hms_restrict_user.group_inventory_btr_manager,1,1,1,0
access_product_product_stock_btr_manager,product_product_stock_btr_manager,product.model_product_product,hms_restrict_user.group_inventory_btr_manager,1,0,0,0
access_product_template_stock_btr_manager,product.template stock btr_manager,product.model_product_template,hms_restrict_user.group_inventory_btr_manager,1,0,0,0
access_stock_warehouse_orderpoint_btr_manager,stock.warehouse.orderpoint_btr_manager,stock.model_stock_warehouse_orderpoint,hms_restrict_user.group_inventory_btr_manager,1,0,0,0
access_stock_quant_btr_manager,stock.quant btr_manager,stock.model_stock_quant,hms_restrict_user.group_inventory_btr_manager,1,0,0,0
access_stock_quant_package_stock_btr_manager,stock.quant.package stock btr_manager,stock.model_stock_quant_package,hms_restrict_user.group_inventory_btr_manager,1,1,1,1
access_stock_package_level_stock_btr_manager,stock.package_level stock btr_manager,stock.model_stock_package_level,hms_restrict_user.group_inventory_btr_manager,1,1,1,1
access_stock_rule_btr_manager,stock_rule btr_manager,stock.model_stock_rule,hms_restrict_user.group_inventory_btr_manager,1,0,0,0
access_stock_location_route_btr_manager,stock.location.route_btr_manager,stock.model_stock_location_route,hms_restrict_user.group_inventory_btr_manager,1,0,0,0
access_stock_move_line_btr_manager,stock.move.line btr_manager,stock.model_stock_move_line,hms_restrict_user.group_inventory_btr_manager,1,1,1,1
access_stock_putaway_all_btr_manager,stock.putaway.rule all btr_manager,stock.model_stock_putaway_rule,hms_restrict_user.group_inventory_btr_manager,1,0,0,0
access_stock_removal_all_btr_manager,product.removal all btr_manager,stock.model_product_removal,hms_restrict_user.group_inventory_btr_manager,1,0,0,0
access_barcode_nomenclature_stock_btr_manager,barcode.nomenclature.stock.btr_manager,barcodes.model_barcode_nomenclature,hms_restrict_user.group_inventory_btr_manager,1,0,0,0
access_barcode_rule_stock_btr_manager,barcode.rule.stock.btr_manager,barcodes.model_barcode_rule,hms_restrict_user.group_inventory_btr_manager,1,0,0,0
access_stock_scrap_btr_manager,stock.scrap.btr_manager,stock.model_stock_scrap,hms_restrict_user.group_inventory_btr_manager,1,1,1,0
access_report_stock_quantity_btr_manager,access_report_stock_quantity_btr_manager,stock.model_report_stock_quantity,hms_restrict_user.group_inventory_btr_manager,1,0,0,0

access_stock_rule_gs,stock.rule.gs,stock.model_stock_rule,hms_restrict_user.group_inventory_gs,1,1,1,0
access_stock_warehouse_gs,stock.warehouse.gs,stock.model_stock_warehouse,hms_restrict_user.group_inventory_gs,1,0,0,0
access_stock_location_gs,stock.location.gs,stock.model_stock_location,hms_restrict_user.group_inventory_gs,1,0,0,0
access_stock_picking_gs,stock.picking gs,stock.model_stock_picking,hms_restrict_user.group_inventory_gs,1,1,1,1
access_stock_picking_type_gs,stock.picking.type gs,stock.model_stock_picking_type,hms_restrict_user.group_inventory_gs,1,0,0,0
access_stock_production_lot_gs,stock.production.lot gs,stock.model_stock_production_lot,hms_restrict_user.group_inventory_gs,1,1,1,1
access_stock_move_gs,stock.move gs,stock.model_stock_move,hms_restrict_user.group_inventory_gs,1,1,1,0
access_stock_inventory_gs,stock.inventory gs,stock.model_stock_inventory,hms_restrict_user.group_inventory_gs,1,1,1,0
access_stock_inventory_line_gs,stock.inventory.line gs,stock.model_stock_inventory_line,hms_restrict_user.group_inventory_gs,1,1,1,0
access_product_product_stock_gs,product_product_stock_gs,product.model_product_product,hms_restrict_user.group_inventory_gs,1,0,0,0
access_product_template_stock_gs,product.template stock gs,product.model_product_template,hms_restrict_user.group_inventory_gs,1,0,0,0
access_stock_warehouse_orderpoint_gs,stock.warehouse.orderpoint_gs,stock.model_stock_warehouse_orderpoint,hms_restrict_user.group_inventory_gs,1,0,0,0
access_stock_quant_gs,stock.quant gs,stock.model_stock_quant,hms_restrict_user.group_inventory_gs,1,0,0,0
access_stock_quant_package_all_gs,stock.quant.package all gs,stock.model_stock_quant_package,hms_restrict_user.group_inventory_gs,1,0,0,0
access_stock_package_level_all_gs,stock.package_level all gs,stock.model_stock_package_level,hms_restrict_user.group_inventory_gs,1,0,0,0
access_stock_rule_gs,stock_rule gs,stock.model_stock_rule,hms_restrict_user.group_inventory_gs,1,0,0,0
access_stock_location_route_gs,stock.location.route_gs,stock.model_stock_location_route,hms_restrict_user.group_inventory_gs,1,0,0,0
access_stock_move_line_gs,stock.move.line gs,stock.model_stock_move_line,hms_restrict_user.group_inventory_gs,1,1,1,1
access_stock_putaway_all_gs,stock.putaway.rule all gs,stock.model_stock_putaway_rule,hms_restrict_user.group_inventory_gs,1,0,0,0
access_stock_removal_all_gs,product.removal all gs,stock.model_product_removal,hms_restrict_user.group_inventory_gs,1,0,0,0
access_barcode_nomenclature_stock_gs,barcode.nomenclature.stock.gs,barcodes.model_barcode_nomenclature,hms_restrict_user.group_inventory_gs,1,0,0,0
access_barcode_rule_stock_gs,barcode.rule.stock.gs,barcodes.model_barcode_rule,hms_restrict_user.group_inventory_gs,1,0,0,0
access_stock_scrap_gs,stock.scrap.gs,stock.model_stock_scrap,hms_restrict_user.group_inventory_gs,1,1,1,0
access_report_stock_quantity_gs,access_report_stock_quantity_gs,stock.model_report_stock_quantity,hms_restrict_user.group_inventory_gs,1,0,0,0

access_stock_rule_gs_manager,stock.rule.gs_manager,stock.model_stock_rule,hms_restrict_user.group_inventory_gs_manager,1,1,1,0
access_stock_warehouse_gs_manager,stock.warehouse.gs_manager,stock.model_stock_warehouse,hms_restrict_user.group_inventory_gs_manager,1,0,0,0
access_stock_location_gs_manager,stock.location.gs_manager,stock.model_stock_location,hms_restrict_user.group_inventory_gs_manager,1,0,0,0
access_stock_picking_gs_manager,stock.picking gs_manager,stock.model_stock_picking,hms_restrict_user.group_inventory_gs_manager,1,1,0,1
access_stock_picking_type_gs_manager,stock.picking.type gs_manager,stock.model_stock_picking_type,hms_restrict_user.group_inventory_gs_manager,1,0,0,0
access_stock_production_lot_gs_manager,stock.production.lot gs_manager,stock.model_stock_production_lot,hms_restrict_user.group_inventory_gs_manager,1,1,1,1
access_stock_move_gs_manager,stock.move gs_manager,stock.model_stock_move,hms_restrict_user.group_inventory_gs_manager,1,1,1,0
access_stock_inventory_gs_manager,stock.inventory gs_manager,stock.model_stock_inventory,hms_restrict_user.group_inventory_gs_manager,1,1,1,0
access_stock_inventory_line_gs_manager,stock.inventory.line gs_manager,stock.model_stock_inventory_line,hms_restrict_user.group_inventory_gs_manager,1,1,1,0
access_product_product_stock_gs_manager,product_product_stock_gs_manager,product.model_product_product,hms_restrict_user.group_inventory_gs_manager,1,0,0,0
access_product_template_stock_gs_manager,product.template stock gs_manager,product.model_product_template,hms_restrict_user.group_inventory_gs_manager,1,0,0,0
access_stock_warehouse_orderpoint_gs_manager,stock.warehouse.orderpoint_gs_manager,stock.model_stock_warehouse_orderpoint,hms_restrict_user.group_inventory_gs_manager,1,0,0,0
access_stock_quant_gs_manager,stock.quant gs_manager,stock.model_stock_quant,hms_restrict_user.group_inventory_gs_manager,1,0,0,0
access_stock_quant_package_stock_gs_manager,stock.quant.package stock gs_manager,stock.model_stock_quant_package,hms_restrict_user.group_inventory_gs_manager,1,1,1,1
access_stock_package_level_stock_gs_manager,stock.package_level stock gs_manager,stock.model_stock_package_level,hms_restrict_user.group_inventory_gs_manager,1,1,1,1
access_stock_rule_gs_manager,stock_rule gs_manager,stock.model_stock_rule,hms_restrict_user.group_inventory_gs_manager,1,0,0,0
access_stock_location_route_gs_manager,stock.location.route_gs_manager,stock.model_stock_location_route,hms_restrict_user.group_inventory_gs_manager,1,0,0,0
access_stock_move_line_gs_manager,stock.move.line gs_manager,stock.model_stock_move_line,hms_restrict_user.group_inventory_gs_manager,1,1,1,1
access_stock_putaway_all_gs_manager,stock.putaway.rule all gs_manager,stock.model_stock_putaway_rule,hms_restrict_user.group_inventory_gs_manager,1,0,0,0
access_stock_removal_all_gs_manager,product.removal all gs_manager,stock.model_product_removal,hms_restrict_user.group_inventory_gs_manager,1,0,0,0
access_barcode_nomenclature_stock_gs_manager,barcode.nomenclature.stock.gs_manager,barcodes.model_barcode_nomenclature,hms_restrict_user.group_inventory_gs_manager,1,0,0,0
access_barcode_rule_stock_gs_manager,barcode.rule.stock.gs_manager,barcodes.model_barcode_rule,hms_restrict_user.group_inventory_gs_manager,1,0,0,0
access_stock_scrap_gs_manager,stock.scrap.gs_manager,stock.model_stock_scrap,hms_restrict_user.group_inventory_gs_manager,1,1,1,0
access_report_stock_quantity_gs_manager,access_report_stock_quantity_gs_manager,stock.model_report_stock_quantity,hms_restrict_user.group_inventory_gs_manager,1,0,0,0

access_account_tax_alsut_manager,account.tax_alsut_manager,account.model_account_tax,hms_restrict_user.group_inventory_alsut_manager,1,0,0,0
access_account_bank_statement_group_invoice_alsut_manager,account.bank.statement.group.invoice_alsut_manager,account.model_account_bank_statement,hms_restrict_user.group_inventory_alsut_manager,1,0,0,0
access_account_bank_statement_line_group_invoice_alsut_manager,account.bank.statement.line.group.invoice_alsut_manager,account.model_account_bank_statement_line,hms_restrict_user.group_inventory_alsut_manager,1,0,0,0
access_account_move_uinvoice_alsut_manager,account.move_alsut_manager,account.model_account_move,hms_restrict_user.group_inventory_alsut_manager,1,1,1,1
access_account_move_line_uinvoice_alsut_manager,account.move.line invoice_alsut_manager,account.model_account_move_line,hms_restrict_user.group_inventory_alsut_manager,1,1,1,1
access_account_cash_rounding_uinvoice_alsut_manager,account.cash.rounding_alsut_manager,account.model_account_cash_rounding,hms_restrict_user.group_inventory_alsut_manager,1,1,1,1
access_account_journal_invoice_alsut_manager,account.journal invoice_alsut_manager,account.model_account_journal,hms_restrict_user.group_inventory_alsut_manager,1,0,0,0
access_account_invoice_report_billing_alsut_manager,account.invoice.report_billing_alsut_manager,account.model_account_invoice_report,hms_restrict_user.group_inventory_alsut_manager,1,0,0,0
access_account_analytic_line_invoice_alsut_manager,account.analytic.line invoice_alsut_manager,account.model_account_analytic_line,hms_restrict_user.group_inventory_alsut_manager,1,1,1,1
access_account_account_invoice_alsut_manager,account invoice_alsut_manager,account.model_account_account,hms_restrict_user.group_inventory_alsut_manager,1,0,0,0
access_account_account_type_invoice_alsut_manager,account.type invoice_alsut_manager,account.model_account_account_type,hms_restrict_user.group_inventory_alsut_manager,1,0,0,0
access_account_account_tax_user_alsut_manager,account.tag_alsut_manager,account.model_account_account_tag,hms_restrict_user.group_inventory_alsut_manager,1,0,0,0
access_account_reconcile_model_billing_alsut_manager,account.reconcile.model.billing_alsut_manager,account.model_account_reconcile_model,hms_restrict_user.group_inventory_alsut_manager,1,0,1,0
access_account_reconcile_model_template_alsut_manager,account.reconcile.model.template_alsut_manager,account.model_account_reconcile_model_template,hms_restrict_user.group_inventory_alsut_manager,1,1,1,1
access_account_partial_reconcile_group_invoice_alsut_manager,account.partial.reconcile.group.invoice_alsut_manager,account.model_account_partial_reconcile,hms_restrict_user.group_inventory_alsut_manager,1,1,1,1
access_account_full_reconcile_group_invoice_alsut_manager,account.full.reconcile.group.invoice_alsut_manager,account.model_account_full_reconcile,hms_restrict_user.group_inventory_alsut_manager,1,1,1,1
access_account_payment_method_alsut_manager,account.payment.method_alsut_manager,account.model_account_payment_method,hms_restrict_user.group_inventory_alsut_manager,1,1,1,1
access_account_payment_alsut_manager,account.payment_alsut_manager,account.model_account_payment,hms_restrict_user.group_inventory_alsut_manager,1,1,1,1
access_account_tax_group_alsut_manager,account.tax.group_alsut_manager,account.model_account_tax_group,hms_restrict_user.group_inventory_alsut_manager,1,0,0,0
access_account_tax_repartition_line_invoice_alsut_manager,account.tax repartition.line.invoice_alsut_manager,account.model_account_tax_repartition_line,hms_restrict_user.group_inventory_alsut_manager,1,0,0,0
access_account_tax_report_line_invoice_alsut_manager,account.tax.report.line.invoice_alsut_manager,account.model_account_tax_report_line,hms_restrict_user.group_inventory_alsut_manager,1,0,0,0

access_account_tax_btr_manager,account.tax_btr_manager,account.model_account_tax,hms_restrict_user.group_inventory_btr_manager,1,0,0,0
access_account_bank_statement_group_invoice_btr_manager,account.bank.statement.group.invoice_btr_manager,account.model_account_bank_statement,hms_restrict_user.group_inventory_btr_manager,1,0,0,0
access_account_bank_statement_line_group_invoice_btr_manager,account.bank.statement.line.group.invoice_btr_manager,account.model_account_bank_statement_line,hms_restrict_user.group_inventory_btr_manager,1,0,0,0
access_account_move_uinvoice_btr_manager,account.move_btr_manager,account.model_account_move,hms_restrict_user.group_inventory_btr_manager,1,1,1,1
access_account_move_line_uinvoice_btr_manager,account.move.line invoice_btr_manager,account.model_account_move_line,hms_restrict_user.group_inventory_btr_manager,1,1,1,1
access_account_cash_rounding_uinvoice_btr_manager,account.cash.rounding_btr_manager,account.model_account_cash_rounding,hms_restrict_user.group_inventory_btr_manager,1,1,1,1
access_account_journal_invoice_btr_manager,account.journal invoice_btr_manager,account.model_account_journal,hms_restrict_user.group_inventory_btr_manager,1,0,0,0
access_account_invoice_report_billing_btr_manager,account.invoice.report_billing_btr_manager,account.model_account_invoice_report,hms_restrict_user.group_inventory_btr_manager,1,0,0,0
access_account_analytic_line_invoice_btr_manager,account.analytic.line invoice_btr_manager,account.model_account_analytic_line,hms_restrict_user.group_inventory_btr_manager,1,1,1,1
access_account_account_invoice_btr_manager,account invoice_btr_manager,account.model_account_account,hms_restrict_user.group_inventory_btr_manager,1,0,0,0
access_account_account_type_invoice_btr_manager,account.type invoice_btr_manager,account.model_account_account_type,hms_restrict_user.group_inventory_btr_manager,1,0,0,0
access_account_account_tax_user_btr_manager,account.tag_btr_manager,account.model_account_account_tag,hms_restrict_user.group_inventory_btr_manager,1,0,0,0
access_account_reconcile_model_billing_btr_manager,account.reconcile.model.billing_btr_manager,account.model_account_reconcile_model,hms_restrict_user.group_inventory_btr_manager,1,0,1,0
access_account_reconcile_model_template_btr_manager,account.reconcile.model.template_btr_manager,account.model_account_reconcile_model_template,hms_restrict_user.group_inventory_btr_manager,1,1,1,1
access_account_partial_reconcile_group_invoice_btr_manager,account.partial.reconcile.group.invoice_btr_manager,account.model_account_partial_reconcile,hms_restrict_user.group_inventory_btr_manager,1,1,1,1
access_account_full_reconcile_group_invoice_btr_manager,account.full.reconcile.group.invoice_btr_manager,account.model_account_full_reconcile,hms_restrict_user.group_inventory_btr_manager,1,1,1,1
access_account_payment_method_btr_manager,account.payment.method_btr_manager,account.model_account_payment_method,hms_restrict_user.group_inventory_btr_manager,1,1,1,1
access_account_payment_btr_manager,account.payment_btr_manager,account.model_account_payment,hms_restrict_user.group_inventory_btr_manager,1,1,1,1
access_account_tax_group_btr_manager,account.tax.group_btr_manager,account.model_account_tax_group,hms_restrict_user.group_inventory_btr_manager,1,0,0,0
access_account_tax_repartition_line_invoice_btr_manager,account.tax repartition.line.invoice_btr_manager,account.model_account_tax_repartition_line,hms_restrict_user.group_inventory_btr_manager,1,0,0,0
access_account_tax_report_line_invoice_btr_manager,account.tax.report.line.invoice_btr_manager,account.model_account_tax_report_line,hms_restrict_user.group_inventory_btr_manager,1,0,0,0

access_account_tax_gs_manager,account.tax_gs_manager,account.model_account_tax,hms_restrict_user.group_inventory_gs_manager,1,0,0,0
access_account_bank_statement_group_invoice_gs_manager,account.bank.statement.group.invoice_gs_manager,account.model_account_bank_statement,hms_restrict_user.group_inventory_gs_manager,1,0,0,0
access_account_bank_statement_line_group_invoice_gs_manager,account.bank.statement.line.group.invoice_gs_manager,account.model_account_bank_statement_line,hms_restrict_user.group_inventory_gs_manager,1,0,0,0
access_account_move_uinvoice_gs_manager,account.move_gs_manager,account.model_account_move,hms_restrict_user.group_inventory_gs_manager,1,1,1,1
access_account_move_line_uinvoice_gs_manager,account.move.line invoice_gs_manager,account.model_account_move_line,hms_restrict_user.group_inventory_gs_manager,1,1,1,1
access_account_cash_rounding_uinvoice_gs_manager,account.cash.rounding_gs_manager,account.model_account_cash_rounding,hms_restrict_user.group_inventory_gs_manager,1,1,1,1
access_account_journal_invoice_gs_manager,account.journal invoice_gs_manager,account.model_account_journal,hms_restrict_user.group_inventory_gs_manager,1,0,0,0
access_account_invoice_report_billing_gs_manager,account.invoice.report_billing_gs_manager,account.model_account_invoice_report,hms_restrict_user.group_inventory_gs_manager,1,0,0,0
access_account_analytic_line_invoice_gs_manager,account.analytic.line invoice_gs_manager,account.model_account_analytic_line,hms_restrict_user.group_inventory_gs_manager,1,1,1,1
access_account_account_invoice_gs_manager,account invoice_gs_manager,account.model_account_account,hms_restrict_user.group_inventory_gs_manager,1,0,0,0
access_account_account_type_invoice_gs_manager,account.type invoice_gs_manager,account.model_account_account_type,hms_restrict_user.group_inventory_gs_manager,1,0,0,0
access_account_account_tax_user_gs_manager,account.tag_gs_manager,account.model_account_account_tag,hms_restrict_user.group_inventory_gs_manager,1,0,0,0
access_account_reconcile_model_billing_gs_manager,account.reconcile.model.billing_gs_manager,account.model_account_reconcile_model,hms_restrict_user.group_inventory_gs_manager,1,0,1,0
access_account_reconcile_model_template_gs_manager,account.reconcile.model.template_gs_manager,account.model_account_reconcile_model_template,hms_restrict_user.group_inventory_gs_manager,1,1,1,1
access_account_partial_reconcile_group_invoice_gs_manager,account.partial.reconcile.group.invoice_gs_manager,account.model_account_partial_reconcile,hms_restrict_user.group_inventory_gs_manager,1,1,1,1
access_account_full_reconcile_group_invoice_gs_manager,account.full.reconcile.group.invoice_gs_manager,account.model_account_full_reconcile,hms_restrict_user.group_inventory_gs_manager,1,1,1,1
access_account_payment_method_gs_manager,account.payment.method_gs_manager,account.model_account_payment_method,hms_restrict_user.group_inventory_gs_manager,1,1,1,1
access_account_payment_gs_manager,account.payment_gs_manager,account.model_account_payment,hms_restrict_user.group_inventory_gs_manager,1,1,1,1
access_account_tax_group_gs_manager,account.tax.group_gs_manager,account.model_account_tax_group,hms_restrict_user.group_inventory_gs_manager,1,0,0,0
access_account_tax_repartition_line_invoice_gs_manager,account.tax repartition.line.invoice_gs_manager,account.model_account_tax_repartition_line,hms_restrict_user.group_inventory_gs_manager,1,0,0,0
access_account_tax_report_line_invoice_gs_manager,account.tax.report.line.invoice_gs_manager,account.model_account_tax_report_line,hms_restrict_user.group_inventory_gs_manager,1,0,0,0

access_stock_rule_alsut_production,stock.rule.alsut.production,stock.model_stock_rule,hms_restrict_user.group_production_alsut,1,1,1,0
access_stock_warehouse_alsut_production,stock.warehouse.alsut.production,stock.model_stock_warehouse,hms_restrict_user.group_production_alsut,1,0,0,0
access_stock_location_alsut_production,stock.location.alsut.production,stock.model_stock_location,hms_restrict_user.group_production_alsut,1,0,0,0
access_stock_picking_alsut_production,stock.picking alsut.production,stock.model_stock_picking,hms_restrict_user.group_production_alsut,1,1,1,1
access_stock_picking_type_alsut_production,stock.picking.type alsut.production,stock.model_stock_picking_type,hms_restrict_user.group_production_alsut,1,0,0,0
access_stock_production_lot_alsut_production,stock.production.lot alsut.production,stock.model_stock_production_lot,hms_restrict_user.group_production_alsut,1,1,1,1
access_stock_move_alsut_production,stock.move alsut.production,stock.model_stock_move,hms_restrict_user.group_production_alsut,1,1,1,0
access_stock_inventory_alsut_production,stock.inventory alsut.production,stock.model_stock_inventory,hms_restrict_user.group_production_alsut,1,1,1,0
access_stock_inventory_line_alsut_production,stock.inventory.line alsut.production,stock.model_stock_inventory_line,hms_restrict_user.group_production_alsut,1,1,1,0
access_product_product_stock_alsut_production,product_product_stock_alsut.production,product.model_product_product,hms_restrict_user.group_production_alsut,1,0,0,0
access_product_template_stock_alsut_production,product.template stock alsut.production,product.model_product_template,hms_restrict_user.group_production_alsut,1,0,0,0
access_stock_warehouse_orderpoint_alsut_production,stock.warehouse.orderpoint_alsut.production,stock.model_stock_warehouse_orderpoint,hms_restrict_user.group_production_alsut,1,0,0,0
access_stock_quant_alsut_production,stock.quant alsut.production,stock.model_stock_quant,hms_restrict_user.group_production_alsut,1,0,0,0
access_stock_quant_package_all_alsut_production,stock.quant.package all alsut.production,stock.model_stock_quant_package,hms_restrict_user.group_production_alsut,1,0,0,0
access_stock_package_level_all_alsut_production,stock.package_level all alsut.production,stock.model_stock_package_level,hms_restrict_user.group_production_alsut,1,0,0,0
access_stock_rule_alsut_production,stock_rule alsut.production,stock.model_stock_rule,hms_restrict_user.group_production_alsut,1,0,0,0
access_stock_location_route_alsut_production,stock.location.route_alsut.production,stock.model_stock_location_route,hms_restrict_user.group_production_alsut,1,0,0,0
access_stock_move_line_alsut_production,stock.move.line alsut.production,stock.model_stock_move_line,hms_restrict_user.group_production_alsut,1,1,1,1
access_stock_putaway_all_alsut_production,stock.putaway.rule all alsut.production,stock.model_stock_putaway_rule,hms_restrict_user.group_production_alsut,1,0,0,0
access_stock_removal_all_alsut_production,product.removal all alsut.production,stock.model_product_removal,hms_restrict_user.group_production_alsut,1,0,0,0
access_barcode_nomenclature_stock_alsut_production,barcode.nomenclature.stock.alsut.production,barcodes.model_barcode_nomenclature,hms_restrict_user.group_production_alsut,1,0,0,0
access_barcode_rule_stock_alsut_production,barcode.rule.stock.alsut.production,barcodes.model_barcode_rule,hms_restrict_user.group_production_alsut,1,0,0,0
access_stock_scrap_alsut_production,stock.scrap.alsut.production,stock.model_stock_scrap,hms_restrict_user.group_production_alsut,1,1,1,0
access_report_stock_quantity_alsut_production,access_report_stock_quantity_alsut.production,stock.model_report_stock_quantity,hms_restrict_user.group_production_alsut,1,0,0,0

access_stock_rule_btr_production,stock.rule.btr.production,stock.model_stock_rule,hms_restrict_user.group_production_btr,1,1,1,0
access_stock_warehouse_btr_production,stock.warehouse.btr.production,stock.model_stock_warehouse,hms_restrict_user.group_production_btr,1,0,0,0
access_stock_location_btr_production,stock.location.btr.production,stock.model_stock_location,hms_restrict_user.group_production_btr,1,0,0,0
access_stock_picking_btr_production,stock.picking btr.production,stock.model_stock_picking,hms_restrict_user.group_production_btr,1,1,1,1
access_stock_picking_type_btr_production,stock.picking.type btr.production,stock.model_stock_picking_type,hms_restrict_user.group_production_btr,1,0,0,0
access_stock_production_lot_btr_production,stock.production.lot btr.production,stock.model_stock_production_lot,hms_restrict_user.group_production_btr,1,1,1,1
access_stock_move_btr_production,stock.move btr.production,stock.model_stock_move,hms_restrict_user.group_production_btr,1,1,1,0
access_stock_inventory_btr_production,stock.inventory btr.production,stock.model_stock_inventory,hms_restrict_user.group_production_btr,1,1,1,0
access_stock_inventory_line_btr_production,stock.inventory.line btr.production,stock.model_stock_inventory_line,hms_restrict_user.group_production_btr,1,1,1,0
access_product_product_stock_btr_production,product_product_stock_btr.production,product.model_product_product,hms_restrict_user.group_production_btr,1,0,0,0
access_product_template_stock_btr_production,product.template stock btr.production,product.model_product_template,hms_restrict_user.group_production_btr,1,0,0,0
access_stock_warehouse_orderpoint_btr_production,stock.warehouse.orderpoint_btr.production,stock.model_stock_warehouse_orderpoint,hms_restrict_user.group_production_btr,1,0,0,0
access_stock_quant_btr_production,stock.quant btr.production,stock.model_stock_quant,hms_restrict_user.group_production_btr,1,0,0,0
access_stock_quant_package_all_btr_production,stock.quant.package all btr.production,stock.model_stock_quant_package,hms_restrict_user.group_production_btr,1,0,0,0
access_stock_package_level_all_btr_production,stock.package_level all btr.production,stock.model_stock_package_level,hms_restrict_user.group_production_btr,1,0,0,0
access_stock_rule_btr_production,stock_rule btr.production,stock.model_stock_rule,hms_restrict_user.group_production_btr,1,0,0,0
access_stock_location_route_btr_production,stock.location.route_btr.production,stock.model_stock_location_route,hms_restrict_user.group_production_btr,1,0,0,0
access_stock_move_line_btr_production,stock.move.line btr.production,stock.model_stock_move_line,hms_restrict_user.group_production_btr,1,1,1,1
access_stock_putaway_all_btr_production,stock.putaway.rule all btr.production,stock.model_stock_putaway_rule,hms_restrict_user.group_production_btr,1,0,0,0
access_stock_removal_all_btr_production,product.removal all btr.production,stock.model_product_removal,hms_restrict_user.group_production_btr,1,0,0,0
access_barcode_nomenclature_stock_btr_production,barcode.nomenclature.stock.btr.production,barcodes.model_barcode_nomenclature,hms_restrict_user.group_production_btr,1,0,0,0
access_barcode_rule_stock_btr_production,barcode.rule.stock.btr.production,barcodes.model_barcode_rule,hms_restrict_user.group_production_btr,1,0,0,0
access_stock_scrap_btr_production,stock.scrap.btr.production,stock.model_stock_scrap,hms_restrict_user.group_production_btr,1,1,1,0
access_report_stock_quantity_btr_production,access_report_stock_quantity_btr.production,stock.model_report_stock_quantity,hms_restrict_user.group_production_btr,1,0,0,0

access_stock_rule_gs_production,stock.rule.gs.production,stock.model_stock_rule,hms_restrict_user.group_production_gs,1,1,1,0
access_stock_warehouse_gs_production,stock.warehouse.gs.production,stock.model_stock_warehouse,hms_restrict_user.group_production_gs,1,0,0,0
access_stock_location_gs_production,stock.location.gs.production,stock.model_stock_location,hms_restrict_user.group_production_gs,1,0,0,0
access_stock_picking_gs_production,stock.picking gs.production,stock.model_stock_picking,hms_restrict_user.group_production_gs,1,1,1,1
access_stock_picking_type_gs_production,stock.picking.type gs.production,stock.model_stock_picking_type,hms_restrict_user.group_production_gs,1,0,0,0
access_stock_production_lot_gs_production,stock.production.lot gs.production,stock.model_stock_production_lot,hms_restrict_user.group_production_gs,1,1,1,1
access_stock_move_gs_production,stock.move gs.production,stock.model_stock_move,hms_restrict_user.group_production_gs,1,1,1,0
access_stock_inventory_gs_production,stock.inventory gs.production,stock.model_stock_inventory,hms_restrict_user.group_production_gs,1,1,1,0
access_stock_inventory_line_gs_production,stock.inventory.line gs.production,stock.model_stock_inventory_line,hms_restrict_user.group_production_gs,1,1,1,0
access_product_product_stock_gs_production,product_product_stock_gs.production,product.model_product_product,hms_restrict_user.group_production_gs,1,0,0,0
access_product_template_stock_gs_production,product.template stock gs.production,product.model_product_template,hms_restrict_user.group_production_gs,1,0,0,0
access_stock_warehouse_orderpoint_gs_production,stock.warehouse.orderpoint_gs.production,stock.model_stock_warehouse_orderpoint,hms_restrict_user.group_production_gs,1,0,0,0
access_stock_quant_gs_production,stock.quant gs.production,stock.model_stock_quant,hms_restrict_user.group_production_gs,1,0,0,0
access_stock_quant_package_all_gs_production,stock.quant.package all gs.production,stock.model_stock_quant_package,hms_restrict_user.group_production_gs,1,0,0,0
access_stock_package_level_all_gs_production,stock.package_level all gs.production,stock.model_stock_package_level,hms_restrict_user.group_production_gs,1,0,0,0
access_stock_rule_gs_production,stock_rule gs.production,stock.model_stock_rule,hms_restrict_user.group_production_gs,1,0,0,0
access_stock_location_route_gs_production,stock.location.route_gs.production,stock.model_stock_location_route,hms_restrict_user.group_production_gs,1,0,0,0
access_stock_move_line_gs_production,stock.move.line gs.production,stock.model_stock_move_line,hms_restrict_user.group_production_gs,1,1,1,1
access_stock_putaway_all_gs_production,stock.putaway.rule all gs.production,stock.model_stock_putaway_rule,hms_restrict_user.group_production_gs,1,0,0,0
access_stock_removal_all_gs_production,product.removal all gs.production,stock.model_product_removal,hms_restrict_user.group_production_gs,1,0,0,0
access_barcode_nomenclature_stock_gs_production,barcode.nomenclature.stock.gs.production,barcodes.model_barcode_nomenclature,hms_restrict_user.group_production_gs,1,0,0,0
access_barcode_rule_stock_gs_production,barcode.rule.stock.gs.production,barcodes.model_barcode_rule,hms_restrict_user.group_production_gs,1,0,0,0
access_stock_scrap_gs_production,stock.scrap.gs.production,stock.model_stock_scrap,hms_restrict_user.group_production_gs,1,1,1,0
access_report_stock_quantity_gs_production,access_report_stock_quantity_gs.production,stock.model_report_stock_quantity,hms_restrict_user.group_production_gs,1,0,0,0
